Channel Id,Channel Url,Channel Title
UC-A4oZF4AlOEdlyZWBCI0cQ,http://www.youtube.com/channel/UC-A4oZF4AlOEdlyZWBCI0cQ,JustKiddingFilms
UC0VVYtw21rg2cokUystu2Dw,http://www.youtube.com/channel/UC0VVYtw21rg2cokUystu2Dw,SmallAnt
UC1AF9_EAuJSgMmqd1TTiVTQ,http://www.youtube.com/channel/UC1AF9_EAuJSgMmqd1TTiVTQ,MCU(MOVIES CINEMATIC UNIVERSE)
UC1B3dGJReX_5F6rmgZS_o7Q,http://www.youtube.com/channel/UC1B3dGJReX_5F6rmgZS_o7Q,Surfaces
UC2GnuulpFRtTGFNuS1LKL5g,http://www.youtube.com/channel/UC2GnuulpFRtTGFNuS1LKL5g,BuzzFeedViolet
UC35HKvKYPkri4Grd5KXl3wQ,http://www.youtube.com/channel/UC35HKvKYPkri4Grd5KXl3wQ,Lilifilm Official
UC3N-rumPZ_LUphHFN-87q0Q,http://www.youtube.com/channel/UC3N-rumPZ_LUphHFN-87q0Q,OliWhiteVlogs
UC3sznuotAs2ohg_U__Jzj_Q,http://www.youtube.com/channel/UC3sznuotAs2ohg_U__Jzj_Q,The Film Theorists
UC415bOPUcGSamy543abLmRA,http://www.youtube.com/channel/UC415bOPUcGSamy543abLmRA,Cleo Abram
UC4PooiX37Pld1T8J5SYT-SQ,http://www.youtube.com/channel/UC4PooiX37Pld1T8J5SYT-SQ,Good Mythical Morning
UC4PsLuB0agoria9USiSPXtQ,http://www.youtube.com/channel/UC4PsLuB0agoria9USiSPXtQ,alisonlisset
UC4jh0TnRA3ZHtbVnG9uDoFQ,http://www.youtube.com/channel/UC4jh0TnRA3ZHtbVnG9uDoFQ,Hello Vee
UC5v2QgY2D5tlu8uws23MG4Q,http://www.youtube.com/channel/UC5v2QgY2D5tlu8uws23MG4Q,iiTzTimmy
UC62oK4gTQtOE4DvAFbFlt9Q,http://www.youtube.com/channel/UC62oK4gTQtOE4DvAFbFlt9Q,Shortcat
UC6nSFpj9HTCZ5t-N3Rm3-HA,http://www.youtube.com/channel/UC6nSFpj9HTCZ5t-N3Rm3-HA,Vsauce
UC768XN2ZjMYtNsPT6hcvbCA,http://www.youtube.com/channel/UC768XN2ZjMYtNsPT6hcvbCA,Dana ASMR
UC7BhHN8NyMMru2RUygnDXSg,http://www.youtube.com/channel/UC7BhHN8NyMMru2RUygnDXSg,Sciencephile the AI
UC7FRe3cnEw6eaRTVWUmLKmA,http://www.youtube.com/channel/UC7FRe3cnEw6eaRTVWUmLKmA,DokkaBass
UC7dF9qfBMXrSlaaFFDvV_Yg,http://www.youtube.com/channel/UC7dF9qfBMXrSlaaFFDvV_Yg,Gigguk
UC8-Th83bH_thdKZDJCrn88g,http://www.youtube.com/channel/UC8-Th83bH_thdKZDJCrn88g,The Tonight Show Starring Jimmy Fallon
UCA2tt9GSU2sl8rAqjlLR3mQ,http://www.youtube.com/channel/UCA2tt9GSU2sl8rAqjlLR3mQ,GeorgeNotFound
UCBUVGPsJzc1U8SECMgBaMFw,http://www.youtube.com/channel/UCBUVGPsJzc1U8SECMgBaMFw,BuzzFeed Multiplayer
UCBo1hnzxV9rz3WVsv__Rn1g,http://www.youtube.com/channel/UCBo1hnzxV9rz3WVsv__Rn1g,Rosesarerosie
UCC552Sd-3nyi_tk2BudLUzA,http://www.youtube.com/channel/UCC552Sd-3nyi_tk2BudLUzA,AsapSCIENCE
UCDECmyD5ErLETBe2JJ84v1g,http://www.youtube.com/channel/UCDECmyD5ErLETBe2JJ84v1g,ApicalShark
UCDsO-0Yo5zpJk575nKXgMVA,http://www.youtube.com/channel/UCDsO-0Yo5zpJk575nKXgMVA,RocketJump
UCEJ86ogmDa_Mf0PpBIz2Nlg,http://www.youtube.com/channel/UCEJ86ogmDa_Mf0PpBIz2Nlg,NikitaWK
UCEikOr4uF0x7hbITxBw8cWw,http://www.youtube.com/channel/UCEikOr4uF0x7hbITxBw8cWw,buffcorrell
UCFAiFyGs6oDiF1Nf-rRJpZA,http://www.youtube.com/channel/UCFAiFyGs6oDiF1Nf-rRJpZA,Technoblade
UCFDxyA1H3VEN0VQwfMe2VMQ,http://www.youtube.com/channel/UCFDxyA1H3VEN0VQwfMe2VMQ,Gawx Art
UCFHg8Ks76oThmAaR2zFTS2w,http://www.youtube.com/channel/UCFHg8Ks76oThmAaR2zFTS2w,Double
UCFKDEp9si4RmHFWJW1vYsMA,http://www.youtube.com/channel/UCFKDEp9si4RmHFWJW1vYsMA,EthosLab
UCFmL725KKPx2URVPvH3Gp8w,http://www.youtube.com/channel/UCFmL725KKPx2URVPvH3Gp8w,ASMR Glow
UCGI2ppgYx4i3nwHMl8eGnBQ,http://www.youtube.com/channel/UCGI2ppgYx4i3nwHMl8eGnBQ,JustKiddingGamer
UCGjylN-4QCpn8XJ1uY-UOgA,http://www.youtube.com/channel/UCGjylN-4QCpn8XJ1uY-UOgA,Daniel Howell
UCHUgvWN-JC6iFFQ0EqIoPgQ,http://www.youtube.com/channel/UCHUgvWN-JC6iFFQ0EqIoPgQ,Uncomfortable
UCHXJ0dhS3NpTBFg7lR_5w8Q,http://www.youtube.com/channel/UCHXJ0dhS3NpTBFg7lR_5w8Q,Also Fitz
UCHnyfMqiRRG1u-2MsSQLbXA,http://www.youtube.com/channel/UCHnyfMqiRRG1u-2MsSQLbXA,Veritasium
UCHy8o-_zR_vHqpPN4uNUvkg,http://www.youtube.com/channel/UCHy8o-_zR_vHqpPN4uNUvkg,푸디랜드 FoodieLand
UCI1XS_GkLGDOgf8YLaaXNRA,http://www.youtube.com/channel/UCI1XS_GkLGDOgf8YLaaXNRA,CalebCity
UCJFp8uSYCjXOMnkUyb3CQ3Q,http://www.youtube.com/channel/UCJFp8uSYCjXOMnkUyb3CQ3Q,Tasty
UCJHA_jMfCvEnv-3kRjTCQXw,http://www.youtube.com/channel/UCJHA_jMfCvEnv-3kRjTCQXw,Babish Culinary Universe
UCJjSDX-jUChzOEyok9XYRJQ,http://www.youtube.com/channel/UCJjSDX-jUChzOEyok9XYRJQ,Jubilee
UCJkMlOu7faDgqh4PfzbpLdg,http://www.youtube.com/channel/UCJkMlOu7faDgqh4PfzbpLdg,Nerdwriter1
UCL8h3ri2WN_-IbviBlWtUcQ,http://www.youtube.com/channel/UCL8h3ri2WN_-IbviBlWtUcQ,CinemaWins
UCLyv51OBZXfVoCOfq1WvKRQ,http://www.youtube.com/channel/UCLyv51OBZXfVoCOfq1WvKRQ,Piantwo
UCMnULQ6F6kLDAHxofDWIbrw,http://www.youtube.com/channel/UCMnULQ6F6kLDAHxofDWIbrw,Pirate Software
UCNYi_zGmR519r5gYdOKLTjQ,http://www.youtube.com/channel/UCNYi_zGmR519r5gYdOKLTjQ,Jennierubyjane Official
UCNoN7dpdAlglcQWUn2pFjDA,http://www.youtube.com/channel/UCNoN7dpdAlglcQWUn2pFjDA,DooPiano
UCOgGAfSUy5LvEyVS_LF5kdw,http://www.youtube.com/channel/UCOgGAfSUy5LvEyVS_LF5kdw,JOLLY
UCOmHUn--16B90oW2L6FRR3A,http://www.youtube.com/channel/UCOmHUn--16B90oW2L6FRR3A,BLACKPINK
UCPDXXXJj9nax0fr0Wfc048g,http://www.youtube.com/channel/UCPDXXXJj9nax0fr0Wfc048g,Dropout
UCPElDASDYyOeNAZbbTCdOUw,http://www.youtube.com/channel/UCPElDASDYyOeNAZbbTCdOUw,39daph
UCPcFg7aBbaVzXoIKSNqwaww,http://www.youtube.com/channel/UCPcFg7aBbaVzXoIKSNqwaww,jacksfilms
UCPgg9cUPr9g5dB_hb4k5cOQ,http://www.youtube.com/channel/UCPgg9cUPr9g5dB_hb4k5cOQ,Mechanicallyincleyend
UCPq2ETz4aAGo2Z-8JisDPIA,http://www.youtube.com/channel/UCPq2ETz4aAGo2Z-8JisDPIA,ESL Counter-Strike
UCPvyOQD9hxY8433PN9QalIg,http://www.youtube.com/channel/UCPvyOQD9hxY8433PN9QalIg,Moretoki
UCSAUGyc_xA8uYzaIVG6MESQ,http://www.youtube.com/channel/UCSAUGyc_xA8uYzaIVG6MESQ,nigahiga
UCT0tsC9JF5pLZX4dXqe1_ag,http://www.youtube.com/channel/UCT0tsC9JF5pLZX4dXqe1_ag,Josh Cortis
UCTBjtACFlDmd-g6Gtva9biQ,http://www.youtube.com/channel/UCTBjtACFlDmd-g6Gtva9biQ,pigmie
UCTMt7iMWa7jy0fNXIktwyLA,http://www.youtube.com/channel/UCTMt7iMWa7jy0fNXIktwyLA,Omeleto
UCTkXRDQl0luXxVQrRQvWS6w,http://www.youtube.com/channel/UCTkXRDQl0luXxVQrRQvWS6w,Dream
UCUHW94eEFW7hkUMVaZz4eDg,http://www.youtube.com/channel/UCUHW94eEFW7hkUMVaZz4eDg,minutephysics
UCUWhWgXOjE1ET2CRRtgcnQw,http://www.youtube.com/channel/UCUWhWgXOjE1ET2CRRtgcnQw,Oli White
UCVd4vxmL1SO5wHe8VpyA_NA,http://www.youtube.com/channel/UCVd4vxmL1SO5wHe8VpyA_NA,About To Eat
UCWLu3q9FEmPPYKcUAxKZb2A,http://www.youtube.com/channel/UCWLu3q9FEmPPYKcUAxKZb2A,Milad Mirg
UCWrtsravWX0ANhHiJXNlyXw,http://www.youtube.com/channel/UCWrtsravWX0ANhHiJXNlyXw,TheSamTsui
UCX6OQ3DkcsbYNE6H8uQQuVA,http://www.youtube.com/channel/UCX6OQ3DkcsbYNE6H8uQQuVA,MrBeast
UCX6b17PVsYBQ0ip5gyeme-Q,http://www.youtube.com/channel/UCX6b17PVsYBQ0ip5gyeme-Q,CrashCourse
UCXdYATEcQDVlMdUs7THtzXA,http://www.youtube.com/channel/UCXdYATEcQDVlMdUs7THtzXA,KEVIN
UCXjmz8dFzRJZrZY8eFiXNUQ,http://www.youtube.com/channel/UCXjmz8dFzRJZrZY8eFiXNUQ,Nerdstalgic
UCYUQQgogVeQY8cMQamhHJcg,http://www.youtube.com/channel/UCYUQQgogVeQY8cMQamhHJcg,CinemaSins
UCarEovlrD9QY-fy-Z6apIDQ,http://www.youtube.com/channel/UCarEovlrD9QY-fy-Z6apIDQ,Hasan Minhaj
UCdF-MldtDn4EW8-DlQqPD_g,http://www.youtube.com/channel/UCdF-MldtDn4EW8-DlQqPD_g,Joseph Solomon
UCeJFgNahi--FKs0oJyeRDEw,http://www.youtube.com/channel/UCeJFgNahi--FKs0oJyeRDEw,Hybrid Calisthenics
UCekQr9znsk2vWxBo3YiLq2w,http://www.youtube.com/channel/UCekQr9znsk2vWxBo3YiLq2w,You Suck At Cooking
UCfm4y4rHF5HGrSr-qbvOwOg,http://www.youtube.com/channel/UCfm4y4rHF5HGrSr-qbvOwOg,Lilly Singh
UChRV-sCl5Fma4qm_hFpDKBQ,http://www.youtube.com/channel/UChRV-sCl5Fma4qm_hFpDKBQ,Ephemeral Rift
UChU3JRloULzdFX3aCu7BiSA,http://www.youtube.com/channel/UChU3JRloULzdFX3aCu7BiSA,DreamXD
UChs8FyDuoEmELFZgnSzh0UA,http://www.youtube.com/channel/UChs8FyDuoEmELFZgnSzh0UA,xooos 수스
UCjK0F1DopxQ5U0sCwOlXwOg,http://www.youtube.com/channel/UCjK0F1DopxQ5U0sCwOlXwOg,Mogul Mail
UCjyNFmk6Ionj9Lw9iIo9LtQ,http://www.youtube.com/channel/UCjyNFmk6Ionj9Lw9iIo9LtQ,Imaqtpie
UCk9WKo5kMZxoHikO-rdMIXA,http://www.youtube.com/channel/UCk9WKo5kMZxoHikO-rdMIXA,Motoki Maxted
UCkOu814wigKaeu-b2hFdU6w,http://www.youtube.com/channel/UCkOu814wigKaeu-b2hFdU6w,Pianta
UClK9wNfkZV9F4SHVx_A_PkQ,http://www.youtube.com/channel/UClK9wNfkZV9F4SHVx_A_PkQ,thictae
UCmbKRuWJq2yMbNAVyzbFwsQ,http://www.youtube.com/channel/UCmbKRuWJq2yMbNAVyzbFwsQ,이유정 yoojunglee11
UCn1XB-jvmd9fXMzhiA6IR0w,http://www.youtube.com/channel/UCn1XB-jvmd9fXMzhiA6IR0w,Domics
UCn4sPeUomNGIr26bElVdDYg,http://www.youtube.com/channel/UCn4sPeUomNGIr26bElVdDYg,NowThis Impact
UCnZx--LpG2spgmlxOcC-DRA,http://www.youtube.com/channel/UCnZx--LpG2spgmlxOcC-DRA,Daniel Thrasher
UCo8bcnLyZH8tBIH9V1mLgqQ,http://www.youtube.com/channel/UCo8bcnLyZH8tBIH9V1mLgqQ,TheOdd1sOut
UCpi8TJfiA4lKGkaXs__YdBA,http://www.youtube.com/channel/UCpi8TJfiA4lKGkaXs__YdBA,The Try Guys
UCpko_-a4wgz2u_DgDgd9fqA,http://www.youtube.com/channel/UCpko_-a4wgz2u_DgDgd9fqA,BuzzFeedVideo
UCplkk3J5wrEl0TNrthHjq4Q,http://www.youtube.com/channel/UCplkk3J5wrEl0TNrthHjq4Q,Kurt Hugo Schneider
UCqFzWxSCi39LnW1JKFR3efg,http://www.youtube.com/channel/UCqFzWxSCi39LnW1JKFR3efg,Saturday Night Live
UCqNe2Mqtv5sNidn5hAAEfiQ,http://www.youtube.com/channel/UCqNe2Mqtv5sNidn5hAAEfiQ,HigaTV
UCqTYHSnBUXZamsVcOlQf-fg,http://www.youtube.com/channel/UCqTYHSnBUXZamsVcOlQf-fg,The Cosmonaut Variety Hour
UCqmugCqELzhIMNYnsjScXXw,http://www.youtube.com/channel/UCqmugCqELzhIMNYnsjScXXw,Vsauce2
UCqqJQ_cXSat0KIAVfIfKkVA,http://www.youtube.com/channel/UCqqJQ_cXSat0KIAVfIfKkVA,J. Kenji López-Alt
UCr3cBLTYmIK9kY0F_OdFWFQ,http://www.youtube.com/channel/UCr3cBLTYmIK9kY0F_OdFWFQ,Casually Explained
UCrPseYLGpNygVi34QpGNqpA,http://www.youtube.com/channel/UCrPseYLGpNygVi34QpGNqpA,Ludwig
UCs-jS5zZJgy6NnOw3Sx8w8w,http://www.youtube.com/channel/UCs-jS5zZJgy6NnOw3Sx8w8w,Fashion geek
UCsBjURrPoezykLs9EqgamOA,http://www.youtube.com/channel/UCsBjURrPoezykLs9EqgamOA,Fireship
UCsXVk37bltHxD1rDPwtNM8Q,http://www.youtube.com/channel/UCsXVk37bltHxD1rDPwtNM8Q,Kurzgesagt – In a Nutshell
UCsY94ljKzTlXNueC2m3hf-A,http://www.youtube.com/channel/UCsY94ljKzTlXNueC2m3hf-A,BoxBox
UCsvn_Po0SmunchJYOWpOxMg,http://www.youtube.com/channel/UCsvn_Po0SmunchJYOWpOxMg,videogamedunkey
UCtRFmSyL4fSLQkn-wMqlmdA,http://www.youtube.com/channel/UCtRFmSyL4fSLQkn-wMqlmdA,History of the Universe
UCtb8P4rf_1n8KS8eZk_lNNw,http://www.youtube.com/channel/UCtb8P4rf_1n8KS8eZk_lNNw,Fitz
UCtkvhltuhd1k-JJB5QVbS1g,http://www.youtube.com/channel/UCtkvhltuhd1k-JJB5QVbS1g,Kylie 카일리
UCtoCSRviHk6uFIb-zqeo4yQ,http://www.youtube.com/channel/UCtoCSRviHk6uFIb-zqeo4yQ,Sean Nalewanyj Shorts
UCuNVQeVXwfwxVUKdrCQgk3A,http://www.youtube.com/channel/UCuNVQeVXwfwxVUKdrCQgk3A,Andrew Foy 앤디
UCuhwvTYFvVZjyBVXc9T7CrA,http://www.youtube.com/channel/UCuhwvTYFvVZjyBVXc9T7CrA,DanAndPhilGAMES
UCuouUWCLmpG4Dje3Ay0p1oQ,http://www.youtube.com/channel/UCuouUWCLmpG4Dje3Ay0p1oQ,ThatcherJoe
UCutXfzLC5wrV3SInT_tdY0w,http://www.youtube.com/channel/UCutXfzLC5wrV3SInT_tdY0w,Wong Fu Productions
UCvSZR983GW3_2IPeSon9hUA,http://www.youtube.com/channel/UCvSZR983GW3_2IPeSon9hUA,cloudyguys
UCw8ZhLPdQ0u_Y-TLKd61hGA,http://www.youtube.com/channel/UCw8ZhLPdQ0u_Y-TLKd61hGA,1MILLION Dance Studio
UCwNIJka810H7TSj-bPfjKhQ,http://www.youtube.com/channel/UCwNIJka810H7TSj-bPfjKhQ,Edge House
UCwWhs_6x42TyRM4Wstoq8HA,http://www.youtube.com/channel/UCwWhs_6x42TyRM4Wstoq8HA,The Daily Show
UCwmFOfFuvRPI112vR5DNnrA,http://www.youtube.com/channel/UCwmFOfFuvRPI112vR5DNnrA,Vsauce3
UCxUycBeiK8TcU6WBRkTXRlg,http://www.youtube.com/channel/UCxUycBeiK8TcU6WBRkTXRlg,Julian Smith
UCyG_mUXBIWaoLkuiRnAWDvA,http://www.youtube.com/channel/UCyG_mUXBIWaoLkuiRnAWDvA,JustKiddingParty
UCzFJ9ZkjYpxWTSqX9cVXj4g,http://www.youtube.com/channel/UCzFJ9ZkjYpxWTSqX9cVXj4g,tomiii 11
UCzXwjTI6c6mVn6oui_p6oiw,http://www.youtube.com/channel/UCzXwjTI6c6mVn6oui_p6oiw,SMii7Y
UCznHh6gk3ewFhaTZtdQFWWw,http://www.youtube.com/channel/UCznHh6gk3ewFhaTZtdQFWWw,Greg and Mitch





